id,policy_group_id,name,descr,policy_file_id,policy_type,version,policy_schema,valid_from_date,valid_to_date,is_active,cr_by,cr_dtimes,upd_by,upd_dtimes
mpolicy-default-auth,mpolicygroup-default-auth,mpolicy-default-auth,mpolicy-default-auth,"{""shareableAttributes"":[{""attributeName"":""fullName"",""source"":[{""attribute"":""fullName""}],""encrypted"":true},{""attributeName"":""dateOfBirth"",""source"":[{""attribute"":""dateOfBirth""}],""encrypted"":true},{""attributeName"":""gender"",""source"":[{""attribute"":""gender""}],""encrypted"":true},{""attributeName"":""phone"",""source"":[{""attribute"":""phone""}],""encrypted"":true},{""attributeName"":""email"",""source"":[{""attribute"":""email""}],""encrypted"":true},{""attributeName"":""addressLine1"",""source"":[{""attribute"":""addressLine1""}],""encrypted"":true},{""attributeName"":""addressLine2"",""source"":[{""attribute"":""addressLine2""}],""encrypted"":true},{""attributeName"":""addressLine3"",""source"":[{""attribute"":""addressLine3""}],""encrypted"":true},{""attributeName"":""region"",""source"":[{""attribute"":""region""}],""encrypted"":true},{""attributeName"":""province"",""source"":[{""attribute"":""province""}],""encrypted"":true},{""attributeName"":""city"",""source"":[{""attribute"":""city""}],""encrypted"":true},{""attributeName"":""postalCode"",""source"":[{""attribute"":""postalCode""}],""encrypted"":true},{""attributeName"":""zone"",""source"":[{""attribute"":""zone""}],""encrypted"":true},{""attributeName"":""preferredLang"",""source"":[{""attribute"":""preferredLang""}],""encrypted"":false},{""attributeName"":""individualBiometrics"",""group"":""CBEFF"",""source"":[{""attribute"":""individualBiometrics""}],""encrypted"":true,""format"":""extraction""}],""dataSharePolicies"":{""typeOfShare"":""Data Share"",""validForInMinutes"":""30"",""transactionsAllowed"":""2"",""encryptionType"":""Partner Based"",""shareDomain"":""datashare.datashare"",""source"":""ID Repository""}}",DataShare,1,https://schemas.mosip.io/v1/auth-policy,now(),4/28/2025 9:37,TRUE,admin,now(),admin,now()
mpolicy-default-abis,mpolicygroup-default-abis,mpolicy-default-abis,mpolicy-default-abis,"{""shareableAttributes"":[{""attributeName"":""biometrics"",""group"":""CBEFF"",""source"":[{""attribute"":""registration-client\/NEW\/individualBiometrics"",""filter"":[{""type"":""Iris""}]},{""attribute"":""CNIE\/verification\/biometrics"",""filter"":[{""type"":""Finger""}]},{""attribute"":""CNIE\/verification\/biometrics"",""filter"":[{""type"":""Face""}]}],""encrypted"":true,""format"":""extraction""}],""dataSharePolicies"":{""typeOfShare"":""Data Share"",""validForInMinutes"":""30"",""transactionsAllowed"":""2"",""encryptionType"":""Partner Based"",""shareDomain"":""datashare.datashare"",""source"":""Packet Manager""}}",DataShare,1,https://schemas.mosip.io/v1/auth-policy,now(),4/28/2025 9:37,TRUE,admin,now(),admin,now()
mpolicy-default-qrcode,mpolicygroup-default-print,mpolicy-default-qrcode,mpolicy-default-qrcode,"{""dataSharePolicies"":{""typeOfShare"":""Data Share"",""validForInMinutes"":""30"",""transactionsAllowed"":""2"",""encryptionType"":""Partner Based"",""shareDomain"":""datashare.datashare"",""source"":""ID Repository""},""shareableAttributes"":[{""attributeName"":""fullName"",""source"":[{""attribute"":""fullName"",""filter"":[{""language"":""eng""}]}],""encrypted"":false},{""attributeName"":""dateOfBirth"",""source"":[{""attribute"":""dateOfBirth""}],""encrypted"":false,""format"":""YYYY""},{""attributeName"":""gender"",""source"":[{""attribute"":""gender""}],""encrypted"":false},{""attributeName"":""phone"",""source"":[{""attribute"":""phone""}],""encrypted"":false},{""attributeName"":""email"",""source"":[{""attribute"":""email""}],""encrypted"":false},{""attributeName"":""addressLine1"",""source"":[{""attribute"":""addressLine1""}],""encrypted"":false},{""attributeName"":""addressLine2"",""source"":[{""attribute"":""addressLine2""}],""encrypted"":false},{""attributeName"":""addressLine3"",""source"":[{""attribute"":""addressLine3""}],""encrypted"":false},{""attributeName"":""region"",""source"":[{""attribute"":""region""}],""encrypted"":false},{""attributeName"":""province"",""source"":[{""attribute"":""province""}],""encrypted"":false},{""attributeName"":""city"",""source"":[{""attribute"":""city""}],""encrypted"":false},{""attributeName"":""UIN"",""source"":[{""attribute"":""UIN""}],""encrypted"":false},{""attributeName"":""postalCode"",""source"":[{""attribute"":""postalCode""}],""encrypted"":false},{""attributeName"":""biometrics"",""group"":""CBEFF"",""source"":[{""attribute"":""individualBiometrics"",""filter"":[{""type"":""Face""},{""type"":""Finger"",""subType"":[""Left Thumb"",""Right Thumb""]}]}],""encrypted"":true,""format"":""extraction""}]}",DataShare,1,https://schemas.mosip.io/v1/auth-policy,now(),4/28/2025 9:37,TRUE,admin,now(),admin,now()
mpolicy-default-euin,mpolicygroup-default-print,mpolicy-default-euin,mpolicy-default-euin,"{""dataSharePolicies"":{""typeOfShare"":""Data Share"",""validForInMinutes"":""30"",""transactionsAllowed"":""2"",""encryptionType"":""Partner Based"",""shareDomain"":""datashare.datashare"",""source"":""ID Repository""},""shareableAttributes"":[{""attributeName"":""fullName"",""source"":[{""attribute"":""fullName"",""filter"":[{""language"":""eng""}]}],""encrypted"":false},{""attributeName"":""dateOfBirth"",""source"":[{""attribute"":""dateOfBirth""}],""encrypted"":false,""format"":""YYYY""},{""attributeName"":""gender"",""source"":[{""attribute"":""gender""}],""encrypted"":false},{""attributeName"":""phone"",""source"":[{""attribute"":""phone""}],""encrypted"":false},{""attributeName"":""email"",""source"":[{""attribute"":""email""}],""encrypted"":false},{""attributeName"":""addressLine1"",""source"":[{""attribute"":""addressLine1""}],""encrypted"":false},{""attributeName"":""addressLine2"",""source"":[{""attribute"":""addressLine2""}],""encrypted"":false},{""attributeName"":""addressLine3"",""source"":[{""attribute"":""addressLine3""}],""encrypted"":false},{""attributeName"":""region"",""source"":[{""attribute"":""region""}],""encrypted"":false},{""attributeName"":""province"",""source"":[{""attribute"":""province""}],""encrypted"":false},{""attributeName"":""city"",""source"":[{""attribute"":""city""}],""encrypted"":false},{""attributeName"":""UIN"",""source"":[{""attribute"":""UIN""}],""encrypted"":false},{""attributeName"":""postalCode"",""source"":[{""attribute"":""postalCode""}],""encrypted"":false},{""attributeName"":""biometrics"",""group"":""CBEFF"",""source"":[{""attribute"":""individualBiometrics"",""filter"":[{""type"":""Face""},{""type"":""Finger"",""subType"":[""Left Thumb"",""Right Thumb""]}]}],""encrypted"":true,""format"":""extraction""}]}",DataShare,1,https://schemas.mosip.io/v1/auth-policy,now(),4/28/2025 9:37,TRUE,admin,now(),admin,now()
mpolicy-default-reprint,mpolicygroup-default-print,mpolicy-default-reprint,mpolicy-default-reprint,"{""dataSharePolicies"":{""typeOfShare"":""Data Share"",""validForInMinutes"":""30"",""transactionsAllowed"":""2"",""encryptionType"":""Partner Based"",""shareDomain"":""datashare.datashare"",""source"":""ID Repository""},""shareableAttributes"":[{""attributeName"":""fullName"",""source"":[{""attribute"":""fullName"",""filter"":[{""language"":""eng""}]}],""encrypted"":false},{""attributeName"":""dateOfBirth"",""source"":[{""attribute"":""dateOfBirth""}],""encrypted"":false,""format"":""YYYY""},{""attributeName"":""gender"",""source"":[{""attribute"":""gender""}],""encrypted"":false},{""attributeName"":""phone"",""source"":[{""attribute"":""phone""}],""encrypted"":false},{""attributeName"":""email"",""source"":[{""attribute"":""email""}],""encrypted"":false},{""attributeName"":""addressLine1"",""source"":[{""attribute"":""addressLine1""}],""encrypted"":false},{""attributeName"":""addressLine2"",""source"":[{""attribute"":""addressLine2""}],""encrypted"":false},{""attributeName"":""addressLine3"",""source"":[{""attribute"":""addressLine3""}],""encrypted"":false},{""attributeName"":""region"",""source"":[{""attribute"":""region""}],""encrypted"":false},{""attributeName"":""province"",""source"":[{""attribute"":""province""}],""encrypted"":false},{""attributeName"":""city"",""source"":[{""attribute"":""city""}],""encrypted"":false},{""attributeName"":""UIN"",""source"":[{""attribute"":""UIN""}],""encrypted"":false},{""attributeName"":""postalCode"",""source"":[{""attribute"":""postalCode""}],""encrypted"":false},{""attributeName"":""biometrics"",""group"":""CBEFF"",""source"":[{""attribute"":""individualBiometrics"",""filter"":[{""type"":""Face""},{""type"":""Finger"",""subType"":[""Left Thumb"",""Right Thumb""]}]}],""encrypted"":true,""format"":""extraction""}]}",DataShare,1,https://schemas.mosip.io/v1/auth-policy,now(),4/28/2025 9:37,TRUE,admin,now(),admin,now()
mpolicy-default-resident,mpolicygroup-default-resident,mpolicy-default-resident,mpolicy-default-resident,"{""dataSharePolicies"":{""typeOfShare"":""Data Share"",""validForInMinutes"":""30"",""transactionsAllowed"":""2"",""encryptionType"":""Partner Based"",""shareDomain"":""datashare.datashare"",""source"":""Print""},""shareableAttributes"":[]}",DataShare,1,https://schemas.mosip.io/v1/auth-policy,now(),4/28/2025 9:37,TRUE,admin,now(),admin,now()
mpolicy-default-adjudication,mpolicygroup-default-adjudication,mpolicy-default-adjudication,mpolicy-default-adjudication,"{""shareableAttributes"":[{""attributeName"":""biometrics"",""group"":""CBEFF"",""source"":[{""attribute"":""registration-client\/NEW\/individualBiometrics"",""filter"":[{""type"":""Iris""}]},{""attribute"":""CNIE\/verification\/biometrics"",""filter"":[{""type"":""Finger""}]},{""attribute"":""CNIE\/verification\/biometrics"",""filter"":[{""type"":""Face""}]}],""encrypted"":true,""format"":""extraction""},{""attributeName"":""fullName"",""source"":[{""attribute"":""fullName""}],""encrypted"":true},{""attributeName"":""dateOfBirth"",""source"":[{""attribute"":""dateOfBirth""}],""encrypted"":true},{""attributeName"":""gender"",""source"":[{""attribute"":""gender""}],""encrypted"":true},{""attributeName"":""phone"",""source"":[{""attribute"":""phone""}],""encrypted"":true},{""attributeName"":""email"",""source"":[{""attribute"":""email""}],""encrypted"":true},{""attributeName"":""addressLine1"",""source"":[{""attribute"":""addressLine1""}],""encrypted"":true},{""attributeName"":""addressLine2"",""source"":[{""attribute"":""addressLine2""}],""encrypted"":true},{""attributeName"":""addressLine3"",""source"":[{""attribute"":""addressLine3""}],""encrypted"":true},{""attributeName"":""region"",""source"":[{""attribute"":""region""}],""encrypted"":true},{""attributeName"":""province"",""source"":[{""attribute"":""province""}],""encrypted"":true},{""attributeName"":""city"",""source"":[{""attribute"":""city""}],""encrypted"":true},{""attributeName"":""postalCode"",""source"":[{""attribute"":""postalCode""}],""encrypted"":true}],""dataSharePolicies"":{""typeOfShare"":""Data Share"",""validForInMinutes"":""30"",""transactionsAllowed"":""100000"",""encryptionType"":""none"",""shareDomain"":""datashare.datashare"",""source"":""Packet Manager""}}",DataShare,1,https://schemas.mosip.io/v1/auth-policy,now(),4/28/2025 9:37,TRUE,admin,now(),admin,now()
mpolicy-default-cert,mpolicygroup-default-cert,mpolicy-default-cert,mpolicy-default-cert,"{""shareableAttributes"":[{""attributeName"":""fullName"",""source"":[{""attribute"":""fullName""}],""encrypted"":true},{""attributeName"":""dateOfBirth"",""source"":[{""attribute"":""dateOfBirth""}],""encrypted"":true},{""attributeName"":""gender"",""source"":[{""attribute"":""gender""}],""encrypted"":true},{""attributeName"":""phone"",""source"":[{""attribute"":""phone""}],""encrypted"":true},{""attributeName"":""email"",""source"":[{""attribute"":""email""}],""encrypted"":true},{""attributeName"":""addressLine1"",""source"":[{""attribute"":""addressLine1""}],""encrypted"":true},{""attributeName"":""addressLine2"",""source"":[{""attribute"":""addressLine2""}],""encrypted"":true},{""attributeName"":""addressLine3"",""source"":[{""attribute"":""addressLine3""}],""encrypted"":true},{""attributeName"":""region"",""source"":[{""attribute"":""region""}],""encrypted"":true},{""attributeName"":""province"",""source"":[{""attribute"":""province""}],""encrypted"":true},{""attributeName"":""city"",""source"":[{""attribute"":""city""}],""encrypted"":true},{""attributeName"":""postalCode"",""source"":[{""attribute"":""postalCode""}],""encrypted"":true},{""attributeName"":""individualBiometrics"",""group"":""CBEFF"",""source"":[{""attribute"":""individualBiometrics""}],""encrypted"":true,""format"":""extraction""}],""dataSharePolicies"":{""typeOfShare"":""Data Share"",""validForInMinutes"":""30"",""transactionsAllowed"":""2"",""encryptionType"":""none"",""shareDomain"":""datashare.datashare"",""source"":""ID Repository""}}",DataShare,1,https://schemas.mosip.io/v1/auth-policy,now(),4/28/2025 9:37,TRUE,admin,now(),admin,now()
mpolicy-default-eUIN_with_QR,mpolicygroup-default-print,mpolicy-default-eUIN_with_QR,mpolicy-default-eUIN_with_QR,"{""dataSharePolicies"":{""typeOfShare"":""direct"",""validForInMinutes"":""30"",""transactionsAllowed"":""2"",""encryptionType"":""Partner Based"",""shareDomain"":""datashare.datashare"",""source"":""ID Repository""},""shareableAttributes"":[{""attributeName"":""fullName"",""source"":[{""attribute"":""fullName"",""filter"":[{""language"":""eng""}]}],""encrypted"":false},{""attributeName"":""dateOfBirth"",""source"":[{""attribute"":""dateOfBirth""}],""encrypted"":false,""format"":""YYYY""},{""attributeName"":""gender"",""source"":[{""attribute"":""gender""}],""encrypted"":false},{""attributeName"":""phone"",""source"":[{""attribute"":""phone""}],""encrypted"":false},{""attributeName"":""email"",""source"":[{""attribute"":""email""}],""encrypted"":false},{""attributeName"":""addressLine1"",""source"":[{""attribute"":""addressLine1""}],""encrypted"":false},{""attributeName"":""addressLine2"",""source"":[{""attribute"":""addressLine2""}],""encrypted"":false},{""attributeName"":""addressLine3"",""source"":[{""attribute"":""addressLine3""}],""encrypted"":false},{""attributeName"":""region"",""source"":[{""attribute"":""region""}],""encrypted"":false},{""attributeName"":""province"",""source"":[{""attribute"":""province""}],""encrypted"":false},{""attributeName"":""city"",""source"":[{""attribute"":""city""}],""encrypted"":false},{""attributeName"":""UIN"",""source"":[{""attribute"":""UIN""}],""encrypted"":false},{""attributeName"":""postalCode"",""source"":[{""attribute"":""postalCode""}],""encrypted"":false},{""attributeName"":""biometrics"",""group"":""CBEFF"",""source"":[{""attribute"":""individualBiometrics"",""filter"":[{""type"":""Face""},{""type"":""Finger"",""subType"":[""Left Thumb"",""Right Thumb""]}]}],""encrypted"":true,""format"":""extraction""}]}",DataShare,1,https://schemas.mosip.io/v1/auth-policy,now(),4/28/2025 9:37,TRUE,admin,now(),admin,now()
mpolicy-default-eUIN_with_faceQR,mpolicygroup-default-print,mpolicy-default-eUIN_with_faceQR,mpolicy-default-eUIN_with_faceQR,"{""dataSharePolicies"":{""typeOfShare"":""direct"",""validForInMinutes"":""30"",""transactionsAllowed"":""2"",""encryptionType"":""Partner Based"",""shareDomain"":""datashare.datashare"",""source"":""ID Repository""},""shareableAttributes"":[{""attributeName"":""fullName"",""source"":[{""attribute"":""fullName"",""filter"":[{""language"":""eng""}]}],""encrypted"":false},{""attributeName"":""dateOfBirth"",""source"":[{""attribute"":""dateOfBirth""}],""encrypted"":false,""format"":""YYYY""},{""attributeName"":""gender"",""source"":[{""attribute"":""gender""}],""encrypted"":false},{""attributeName"":""phone"",""source"":[{""attribute"":""phone""}],""encrypted"":false},{""attributeName"":""email"",""source"":[{""attribute"":""email""}],""encrypted"":false},{""attributeName"":""addressLine1"",""source"":[{""attribute"":""addressLine1""}],""encrypted"":false},{""attributeName"":""addressLine2"",""source"":[{""attribute"":""addressLine2""}],""encrypted"":false},{""attributeName"":""addressLine3"",""source"":[{""attribute"":""addressLine3""}],""encrypted"":false},{""attributeName"":""region"",""source"":[{""attribute"":""region""}],""encrypted"":false},{""attributeName"":""province"",""source"":[{""attribute"":""province""}],""encrypted"":false},{""attributeName"":""city"",""source"":[{""attribute"":""city""}],""encrypted"":false},{""attributeName"":""UIN"",""source"":[{""attribute"":""UIN""}],""encrypted"":false},{""attributeName"":""postalCode"",""source"":[{""attribute"":""postalCode""}],""encrypted"":false},{""attributeName"":""biometrics"",""group"":""CBEFF"",""source"":[{""attribute"":""individualBiometrics"",""filter"":[{""type"":""Face""},{""type"":""Finger"",""subType"":[""Left Thumb"",""Right Thumb""]}]}],""encrypted"":true,""format"":""extraction""}]}",DataShare,1,https://schemas.mosip.io/v1/auth-policy,now(),4/28/2025 9:37,TRUE,admin,now(),admin,now()
mpolicy-default-PDFCard,mpolicygroup-default-digitalcard,mpolicy-default-PDFCard,mpolicy-default-PDFCard,"{""dataSharePolicies"":{""typeOfShare"":""direct"",""validForInMinutes"":""30"",""transactionsAllowed"":""2"",""encryptionType"":""Partner Based"",""shareDomain"":""datashare.datashare"",""source"":""ID Repository""},""shareableAttributes"":[{""attributeName"":""firstName"",""source"":[{""attribute"":""firstName""}],""encrypted"":true},{""attributeName"":""middleName"",""source"":[{""attribute"":""middleName""}],""encrypted"":true},{""attributeName"":""lastName"",""source"":[{""attribute"":""lastName""}],""encrypted"":true},{""attributeName"":""dateOfBirth"",""source"":[{""attribute"":""dateOfBirth""}],""encrypted"":false,""format"":""YYYY""},{""attributeName"":""gender"",""source"":[{""attribute"":""gender""}],""encrypted"":false},{""attributeName"":""phone"",""source"":[{""attribute"":""phone""}],""encrypted"":false},{""attributeName"":""email"",""source"":[{""attribute"":""email""}],""encrypted"":false},{""attributeName"":""addressLine1"",""source"":[{""attribute"":""addressLine1""}],""encrypted"":false},{""attributeName"":""addressLine2"",""source"":[{""attribute"":""addressLine2""}],""encrypted"":false},{""attributeName"":""addressLine3"",""source"":[{""attribute"":""addressLine3""}],""encrypted"":false},{""attributeName"":""region"",""source"":[{""attribute"":""region""}],""encrypted"":false},{""attributeName"":""province"",""source"":[{""attribute"":""province""}],""encrypted"":false},{""attributeName"":""city"",""source"":[{""attribute"":""city""}],""encrypted"":false},{""attributeName"":""UIN"",""source"":[{""attribute"":""UIN""}],""encrypted"":false},{""attributeName"":""PCN"",""source"":[{""attribute"":""VID"",""filter"":[{""type"":""PERPETUAL""}]}],""encrypted"":false,""format"":""RETRIEVE""},{""attributeName"":""postalCode"",""source"":[{""attribute"":""postalCode""}],""encrypted"":false},{""attributeName"":""bestTwoFingers"",""group"":""CBEFF"",""source"":[{""attribute"":""individualBiometrics"",""filter"":[{""type"":""Finger""}]}],""encrypted"":false,""format"":""bestTwoFingers""},{""attributeName"":""biometrics"",""group"":""CBEFF"",""source"":[{""attribute"":""individualBiometrics"",""filter"":[{""type"":""Face""},{""type"":""Finger"",""subType"":[""Left Thumb"",""Right Thumb""]}]}],""encrypted"":false,""format"":""extraction""}]}",DataShare,1,https://schemas.mosip.io/v1/auth-policy,now(),4/28/2025 9:37,TRUE,admin,now(),admin,now()
mpolicy-default-digitalcard,mpolicygroup-default-digitalcard,mpolicy-default-digitalcard,mpolicy-default-digitalcard,"{""dataSharePolicies"":{""typeOfShare"":""Data Share"",""validForInMinutes"":""250"",""transactionsAllowed"":""10000"",""encryptionType"":""none"",""shareDomain"":""datashare.datashare"",""source"":""Print""},""shareableAttributes"":[]}",DataShare,1,https://schemas.mosip.io/v1/auth-policy,now(),4/28/2025 9:37,TRUE,admin,now(),admin,now()
mpolicy-default-mobile,mpolicygroup-default-mobile,mpolicy-default-mobile,mpolicy-default-mobile,"{""shareableAttributes"":[{""attributeName"":""fullName"",""source"":[{""attribute"":""fullName""}],""encrypted"":false},{""attributeName"":""dateOfBirth"",""source"":[{""attribute"":""dateOfBirth""}],""encrypted"":false,,""format"":""YYYY""},{""attributeName"":""gender"",""source"":[{""attribute"":""gender""}],""encrypted"":false},{""attributeName"":""phone"",""source"":[{""attribute"":""phone""}],""encrypted"":false},{""attributeName"":""email"",""source"":[{""attribute"":""email""}],""encrypted"":false},{""attributeName"":""addressLine1"",""source"":[{""attribute"":""addressLine1""}],""encrypted"":false},{""attributeName"":""addressLine2"",""source"":[{""attribute"":""addressLine2""}],""encrypted"":false},{""attributeName"":""addressLine3"",""source"":[{""attribute"":""addressLine3""}],""encrypted"":false},{""attributeName"":""region"",""source"":[{""attribute"":""region""}],""encrypted"":false},{""attributeName"":""province"",""source"":[{""attribute"":""province""}],""encrypted"":false},{""attributeName"":""city"",""source"":[{""attribute"":""city""}],""encrypted"":false},{""attributeName"":""UIN"",""source"":[{""attribute"":""UIN""}],""encrypted"":false},{""attributeName"":""postalCode"",""source"":[{""attribute"":""postalCode""}],""encrypted"":false},{""attributeName"":""biometrics"",""group"":""CBEFF"",""source"":[{""attribute"":""individualBiometrics"",""filter"":[{""type"":""Face""}]}],""encrypted"":false,""format"":""extraction""}],""dataSharePolicies"":{""typeOfShare"":""direct"",""validForInMinutes"":""30"",""transactionsAllowed"":""2"",""encryptionType"":""Partner Based"",""shareDomain"":""datashare.datashare"",""source"":""ID Repository""}}",DataShare,1,https://schemas.mosip.io/v1/auth-policy,now(),4/28/2025 9:37,TRUE,admin,now(),admin,now()
mpolicy-default-mvs,mpolicygroup-default-mvs,mpolicy-default-mvs,mpolicy-default-mvs,"{""shareableAttributes"":[{""attributeName"":""biometrics"",""group"":""CBEFF"",""source"":[{""attribute"":""registration-client/NEW/individualBiometrics"",""filter"":[{""type"":""Iris""}]},{""attribute"":""CNIE/verification/biometrics"",""filter"":[{""type"":""Finger""}]},{""attribute"":""CNIE/verification/biometrics"",""filter"":[{""type"":""Face""}]}],""encrypted"":true,""format"":""extraction""},{""attributeName"":""biometrics"",""group"":""CBEFF"",""source"":[{""attribute"":""individualBiometrics"",""filter"":[{""type"":""Face""}]}],""encrypted"":true,""format"":""extraction""},{""attributeName"":""fullName"",""source"":[{""attribute"":""fullName""}],""encrypted"":true},{""attributeName"":""dateOfBirth"",""source"":[{""attribute"":""dateOfBirth""}],""encrypted"":true},{""attributeName"":""gender"",""source"":[{""attribute"":""gender""}],""encrypted"":true},{""attributeName"":""phone"",""source"":[{""attribute"":""phone""}],""encrypted"":true},{""attributeName"":""email"",""source"":[{""attribute"":""email""}],""encrypted"":true},{""attributeName"":""userServiceType"",""source"":[{""attribute"":""userServiceType""}],""encrypted"":true},{""attributeName"":""IDSchemaVersion"",""source"":[{""attribute"":""IDSchemaVersion""}],""encrypted"":true},{""attributeName"":""applicantPlaceOfResidenceDistrict"",""source"":[{""attribute"":""applicantPlaceOfResidenceDistrict""}],""encrypted"":true},{""attributeName"":""cardNumber"",""source"":[{""attribute"":""cardNumber""}],""encrypted"":true},{""attributeName"":""UIN"",""source"":[{""attribute"":""UIN""}],""encrypted"":true},{""attributeName"":""NIN"",""source"":[{""attribute"":""NIN""}],""encrypted"":true},{""attributeName"":""preferredLang"",""source"":[{""attribute"":""preferredLang""}],""encrypted"":true},{""attributeName"":""selectedHandles"",""source"":[{""attribute"":""selectedHandles""}],""encrypted"":true},{""attributeName"":""NINVerified"",""source"":[{""attribute"":""NINVerified""}],""encrypted"":true},{""attributeName"":""updatedAt"",""source"":[{""attribute"":""updatedAt""}],""encrypted"":true},{""attributeName"":""renewalNIN"",""source"":[{""attribute"":""renewalNIN""}],""encrypted"":true},{""attributeName"":""nextOfKinPhoneNumber"",""source"":[{""attribute"":""nextOfKinPhoneNumber""}],""encrypted"":true},{""attributeName"":""userService"",""source"":[{""attribute"":""userService""}],""encrypted"":true},{""attributeName"":""surname"",""source"":[{""attribute"":""surname""}],""encrypted"":true},{""attributeName"":""givenName"",""source"":[{""attribute"":""givenName""}],""encrypted"":true},{""attributeName"":""otherNames"",""source"":[{""attribute"":""otherNames""}],""encrypted"":true},{""attributeName"":""maidenName"",""source"":[{""attribute"":""maidenName""}],""encrypted"":true},{""attributeName"":""previousName"",""source"":[{""attribute"":""previousName""}],""encrypted"":true},{""attributeName"":""ninExpiryDate"",""source"":[{""attribute"":""ninExpiryDate""}],""encrypted"":true},{""attributeName"":""applicantNationality"",""source"":[{""attribute"":""applicantNationality""}],""encrypted"":true},{""attributeName"":""applicantLivingStatus"",""source"":[{""attribute"":""applicantLivingStatus""}],""encrypted"":true},{""attributeName"":""CountryCode"",""source"":[{""attribute"":""CountryCode""}],""encrypted"":true},{""attributeName"":""homePhoneNumber"",""source"":[{""attribute"":""homePhoneNumber""}],""encrypted"":true},{""attributeName"":""highestLevelOfEducation"",""source"":[{""attribute"":""highestLevelOfEducation""}],""encrypted"":true},{""attributeName"":""profession"",""source"":[{""attribute"":""profession""}],""encrypted"":true},{""attributeName"":""occupation"",""source"":[{""attribute"":""occupation""}],""encrypted"":true},{""attributeName"":""religion"",""source"":[{""attribute"":""religion""}],""encrypted"":true},{""attributeName"":""disabilities"",""source"":[{""attribute"":""disabilities""}],""encrypted"":true},{""attributeName"":""residenceStatus"",""source"":[{""attribute"":""residenceStatus""}],""encrypted"":true},{""attributeName"":""guardianResidence"",""source"":[{""attribute"":""guardianResidence""}],""encrypted"":true},{""attributeName"":""guardianDateOfBirth"",""source"":[{""attribute"":""guardianDateOfBirth""}],""encrypted"":true},{""attributeName"":""applicantPlaceOfResidence"",""source"":[{""attribute"":""applicantPlaceOfResidence""}],""encrypted"":true},{""attributeName"":""applicantForeignResidenceCountry"",""source"":[{""attribute"":""applicantForeignResidenceCountry""}],""encrypted"":true},{""attributeName"":""applicantForeignResidenceAddress"",""source"":[{""attribute"":""applicantForeignResidenceAddress""}],""encrypted"":true},{""attributeName"":""appResCountryUGA"",""source"":[{""attribute"":""appResCountryUGA""}],""encrypted"":true},{""attributeName"":""applicantPlaceOfResidenceCounty"",""source"":[{""attribute"":""applicantPlaceOfResidenceCounty""}],""encrypted"":true},{""attributeName"":""applicantPlaceOfResidenceSubCounty"",""source"":[{""attribute"":""applicantPlaceOfResidenceSubCounty""}],""encrypted"":true},{""attributeName"":""applicantPlaceOfResidenceParish"",""source"":[{""attribute"":""applicantPlaceOfResidenceParish""}],""encrypted"":true},{""attributeName"":""applicantPlaceOfResidenceVillage"",""source"":[{""attribute"":""applicantPlaceOfResidenceVillage""}],""encrypted"":true},{""attributeName"":""applicantPlaceOfResidenceStreet"",""source"":[{""attribute"":""applicantPlaceOfResidenceStreet""}],""encrypted"":true},{""attributeName"":""applicantPlaceOfResidenceYearsLived"",""source"":[{""attribute"":""applicantPlaceOfResidenceYearsLived""}],""encrypted"":true},{""attributeName"":""applicantPlaceOfResidenceDistrictOfPrevRes"",""source"":[{""attribute"":""applicantPlaceOfResidenceDistrictOfPrevRes""}],""encrypted"":true},{""attributeName"":""applicantPlaceOfResidencePostalAddress"",""source"":[{""attribute"":""applicantPlaceOfResidencePostalAddress""}],""encrypted"":true},{""attributeName"":""applicantPlaceOfResidenceHouseNo"",""source"":[{""attribute"":""applicantPlaceOfResidenceHouseNo""}],""encrypted"":true},{""attributeName"":""applicantForeignBirthCountry"",""source"":[{""attribute"":""applicantForeignBirthCountry""}],""encrypted"":true},{""attributeName"":""applicantForeignBirthAddress"",""source"":[{""attribute"":""applicantForeignBirthAddress""}],""encrypted"":true},{""attributeName"":""appBirCountryUGA"",""source"":[{""attribute"":""appBirCountryUGA""}],""encrypted"":true},{""attributeName"":""applicantPlaceOfBirthDistrict"",""source"":[{""attribute"":""applicantPlaceOfBirthDistrict""}],""encrypted"":true},{""attributeName"":""applicantPlaceOfBirthCounty"",""source"":[{""attribute"":""applicantPlaceOfBirthCounty""}],""encrypted"":true},{""attributeName"":""applicantPlaceOfBirthSubCounty"",""source"":[{""attribute"":""applicantPlaceOfBirthSubCounty""}],""encrypted"":true},{""attributeName"":""applicantPlaceOfBirthParish"",""source"":[{""attribute"":""applicantPlaceOfBirthParish""}],""encrypted"":true},{""attributeName"":""applicantPlaceOfBirthVillage"",""source"":[{""attribute"":""applicantPlaceOfBirthVillage""}],""encrypted"":true},{""attributeName"":""applicantPlaceOfBirthCity"",""source"":[{""attribute"":""applicantPlaceOfBirthCity""}],""encrypted"":true},{""attributeName"":""applicantOtherNationality"",""source"":[{""attribute"":""applicantOtherNationality""}],""encrypted"":true},{""attributeName"":""applicantPassportNumber"",""source"":[{""attribute"":""applicantPassportNumber""}],""encrypted"":true},{""attributeName"":""applicantPassportFileNumber"",""source"":[{""attribute"":""applicantPassportFileNumber""}],""encrypted"":true},{""attributeName"":""citizenshipCertificateNo"",""source"":[{""attribute"":""citizenshipCertificateNo""}],""encrypted"":true},{""attributeName"":""applicantForeignOriginCountry"",""source"":[{""attribute"":""applicantForeignOriginCountry""}],""encrypted"":true},{""attributeName"":""applicantForeignOriginAddress"",""source"":[{""attribute"":""applicantForeignOriginAddress""}],""encrypted"":true},{""attributeName"":""appOriCountryUGA"",""source"":[{""attribute"":""appOriCountryUGA""}],""encrypted"":true},{""attributeName"":""applicantPlaceOfOriginDistrict"",""source"":[{""attribute"":""applicantPlaceOfOriginDistrict""}],""encrypted"":true},{""attributeName"":""applicantPlaceOfOriginCounty"",""source"":[{""attribute"":""applicantPlaceOfOriginCounty""}],""encrypted"":true},{""attributeName"":""applicantPlaceOfOriginSubCounty"",""source"":[{""attribute"":""applicantPlaceOfOriginSubCounty""}],""encrypted"":true},{""attributeName"":""applicantPlaceOfOriginParish"",""source"":[{""attribute"":""applicantPlaceOfOriginParish""}],""encrypted"":true},{""attributeName"":""applicantPlaceOfOriginVillage"",""source"":[{""attribute"":""applicantPlaceOfOriginVillage""}],""encrypted"":true},{""attributeName"":""applicantPlaceOfOriginIndigenousCommunityTribe"",""source"":[{""attribute"":""applicantPlaceOfOriginIndigenousCommunityTribe""}],""encrypted"":true},{""attributeName"":""applicantPlaceOfOriginClan"",""source"":[{""attribute"":""applicantPlaceOfOriginClan""}],""encrypted"":true},{""attributeName"":""preferredPollingStation"",""source"":[{""attribute"":""preferredPollingStation""}],""encrypted"":true},{""attributeName"":""pollingStationNameResidence"",""source"":[{""attribute"":""pollingStationNameResidence""}],""encrypted"":true},{""attributeName"":""pollingStationNameOrigin"",""source"":[{""attribute"":""pollingStationNameOrigin""}],""encrypted"":true},{""attributeName"":""maritalStatus"",""source"":[{""attribute"":""maritalStatus""}],""encrypted"":true},{""attributeName"":""spouseSurname"",""source"":[{""attribute"":""spouseSurname""}],""encrypted"":true},{""attributeName"":""spouseGivenName"",""source"":[{""attribute"":""spouseGivenName""}],""encrypted"":true},{""attributeName"":""spouseOtherNames"",""source"":[{""attribute"":""spouseOtherNames""}],""encrypted"":true},{""attributeName"":""spouseMaidenName"",""source"":[{""attribute"":""spouseMaidenName""}],""encrypted"":true},{""attributeName"":""spousePreviousName"",""source"":[{""attribute"":""spousePreviousName""}],""encrypted"":true},{""attributeName"":""spouseNIN"",""source"":[{""attribute"":""spouseNIN""}],""encrypted"":true},{""attributeName"":""spouseCitizenshipType"",""source"":[{""attribute"":""spouseCitizenshipType""}],""encrypted"":true},{""attributeName"":""spousePlaceOfMarriage"",""source"":[{""attribute"":""spousePlaceOfMarriage""}],""encrypted"":true},{""attributeName"":""spouseDateOfMarriage"",""source"":[{""attribute"":""spouseDateOfMarriage""}],""encrypted"":true},{""attributeName"":""spouseTypeOfMarriage"",""source"":[{""attribute"":""spouseTypeOfMarriage""}],""encrypted"":true},{""attributeName"":""spouseMarriageCertificateNumber"",""source"":[{""attribute"":""spouseMarriageCertificateNumber""}],""encrypted"":true},{""attributeName"":""numberOfOtherSpouses"",""source"":[{""attribute"":""numberOfOtherSpouses""}],""encrypted"":true},{""attributeName"":""spouseTwoSurname"",""source"":[{""attribute"":""spouseTwoSurname""}],""encrypted"":true},{""attributeName"":""spouseTwoGivenName"",""source"":[{""attribute"":""spouseTwoGivenName""}],""encrypted"":true},{""attributeName"":""spouseTwoOtherNames"",""source"":[{""attribute"":""spouseTwoOtherNames""}],""encrypted"":true},{""attributeName"":""spouseTwoPreviousName"",""source"":[{""attribute"":""spouseTwoPreviousName""}],""encrypted"":true},{""attributeName"":""spouseTwoNIN"",""source"":[{""attribute"":""spouseTwoNIN""}],""encrypted"":true},{""attributeName"":""spouseTwoCitizenshipType"",""source"":[{""attribute"":""spouseTwoCitizenshipType""}],""encrypted"":true},{""attributeName"":""spouseTwoPlaceOfMarriage"",""source"":[{""attribute"":""spouseTwoPlaceOfMarriage""}],""encrypted"":true},{""attributeName"":""spouseTwoDateOfMarriage"",""source"":[{""attribute"":""spouseTwoDateOfMarriage""}],""encrypted"":true},{""attributeName"":""spouseTwoTypeOfMarriage"",""source"":[{""attribute"":""spouseTwoTypeOfMarriage""}],""encrypted"":true},{""attributeName"":""spouseTwoMarriageCertificateNumber"",""source"":[{""attribute"":""spouseTwoMarriageCertificateNumber""}],""encrypted"":true},{""attributeName"":""spouseThreeSurname"",""source"":[{""attribute"":""spouseThreeSurname""}],""encrypted"":true},{""attributeName"":""spouseThreeGivenName"",""source"":[{""attribute"":""spouseThreeGivenName""}],""encrypted"":true},{""attributeName"":""spouseThreeOtherNames"",""source"":[{""attribute"":""spouseThreeOtherNames""}],""encrypted"":true},{""attributeName"":""spouseThreeMaidenName"",""source"":[{""attribute"":""spouseThreeMaidenName""}],""encrypted"":true},{""attributeName"":""spouseThreePreviousName"",""source"":[{""attribute"":""spouseThreePreviousName""}],""encrypted"":true},{""attributeName"":""spouseThreeNIN"",""source"":[{""attribute"":""spouseThreeNIN""}],""encrypted"":true},{""attributeName"":""spouseThreeCitizenshipType"",""source"":[{""attribute"":""spouseThreeCitizenshipType""}],""encrypted"":true},{""attributeName"":""spouseThreePlaceOfMarriage"",""source"":[{""attribute"":""spouseThreePlaceOfMarriage""}],""encrypted"":true},{""attributeName"":""spouseThreeDateOfMarriage"",""source"":[{""attribute"":""spouseThreeDateOfMarriage""}],""encrypted"":true},{""attributeName"":""spouseThreeTypeOfMarriage"",""source"":[{""attribute"":""spouseThreeTypeOfMarriage""}],""encrypted"":true},{""attributeName"":""spouseThreeMarriageCertificateNumber"",""source"":[{""attribute"":""spouseThreeMarriageCertificateNumber""}],""encrypted"":true},{""attributeName"":""fatherLivingStatus"",""source"":[{""attribute"":""fatherLivingStatus""}],""encrypted"":true},{""attributeName"":""foundLink"",""source"":[{""attribute"":""foundLink""}],""encrypted"":true},{""attributeName"":""fatherSurname"",""source"":[{""attribute"":""fatherSurname""}],""encrypted"":true},{""attributeName"":""fatherGivenName"",""source"":[{""attribute"":""fatherGivenName""}],""encrypted"":true},{""attributeName"":""fatherOtherNames"",""source"":[{""attribute"":""fatherOtherNames""}],""encrypted"":true},{""attributeName"":""fatherPreviousName"",""source"":[{""attribute"":""fatherPreviousName""}],""encrypted"":true},{""attributeName"":""fatherNIN"",""source"":[{""attribute"":""fatherNIN""}],""encrypted"":true},{""attributeName"":""fatherUIN"",""source"":[{""attribute"":""fatherUIN""}],""encrypted"":true},{""attributeName"":""fatherIDDocumentNo"",""source"":[{""attribute"":""fatherIDDocumentNo""}],""encrypted"":true},{""attributeName"":""fatherCitizenshipType"",""source"":[{""attribute"":""fatherCitizenshipType""}],""encrypted"":true},{""attributeName"":""fatherCitizenCertificateNumber"",""source"":[{""attribute"":""fatherCitizenCertificateNumber""}],""encrypted"":true},{""attributeName"":""fatherIndigenousCommunityTribe"",""source"":[{""attribute"":""fatherIndigenousCommunityTribe""}],""encrypted"":true},{""attributeName"":""fatherIndigenousCommunityClan"",""source"":[{""attribute"":""fatherIndigenousCommunityClan""}],""encrypted"":true},{""attributeName"":""fatherOccupation"",""source"":[{""attribute"":""fatherOccupation""}],""encrypted"":true},{""attributeName"":""fatherForeignResidenceCountry"",""source"":[{""attribute"":""fatherForeignResidenceCountry""}],""encrypted"":true},{""attributeName"":""fatherForeignResidenceAddress"",""source"":[{""attribute"":""fatherForeignResidenceAddress""}],""encrypted"":true},{""attributeName"":""fatherPostalAddress"",""source"":[{""attribute"":""fatherPostalAddress""}],""encrypted"":true},{""attributeName"":""fatResCountryUGA"",""source"":[{""attribute"":""fatResCountryUGA""}],""encrypted"":true},{""attributeName"":""fatherPlaceOfResidenceDistrict"",""source"":[{""attribute"":""fatherPlaceOfResidenceDistrict""}],""encrypted"":true},{""attributeName"":""fatherPlaceOfResidenceCounty"",""source"":[{""attribute"":""fatherPlaceOfResidenceCounty""}],""encrypted"":true},{""attributeName"":""fatherPlaceOfResidenceSubCounty"",""source"":[{""attribute"":""fatherPlaceOfResidenceSubCounty""}],""encrypted"":true},{""attributeName"":""fatherPlaceOfResidenceParish"",""source"":[{""attribute"":""fatherPlaceOfResidenceParish""}],""encrypted"":true},{""attributeName"":""fatherPlaceOfResidenceVillage"",""source"":[{""attribute"":""fatherPlaceOfResidenceVillage""}],""encrypted"":true},{""attributeName"":""fatherPlaceOfResidenceStreet"",""source"":[{""attribute"":""fatherPlaceOfResidenceStreet""}],""encrypted"":true},{""attributeName"":""fatherPlaceOfResidenceHouseNo"",""source"":[{""attribute"":""fatherPlaceOfResidenceHouseNo""}],""encrypted"":true},{""attributeName"":""fatherForeignOriginCountry"",""source"":[{""attribute"":""fatherForeignOriginCountry""}],""encrypted"":true},{""attributeName"":""fatherForeignOriginAddress"",""source"":[{""attribute"":""fatherForeignOriginAddress""}],""encrypted"":true},{""attributeName"":""fatOriCountryUGA"",""source"":[{""attribute"":""fatOriCountryUGA""}],""encrypted"":true},{""attributeName"":""fatherPlaceOfOriginDistrict"",""source"":[{""attribute"":""fatherPlaceOfOriginDistrict""}],""encrypted"":true},{""attributeName"":""fatherPlaceOfOriginCounty"",""source"":[{""attribute"":""fatherPlaceOfOriginCounty""}],""encrypted"":true},{""attributeName"":""fatherPlaceOfOriginSubCounty"",""source"":[{""attribute"":""fatherPlaceOfOriginSubCounty""}],""encrypted"":true},{""attributeName"":""fatherPlaceOfOriginParish"",""source"":[{""attribute"":""fatherPlaceOfOriginParish""}],""encrypted"":true},{""attributeName"":""fatherPlaceOfOriginVillage"",""source"":[{""attribute"":""fatherPlaceOfOriginVillage""}],""encrypted"":true},{""attributeName"":""motherLivingStatus"",""source"":[{""attribute"":""motherLivingStatus""}],""encrypted"":true},{""attributeName"":""motherSurname"",""source"":[{""attribute"":""motherSurname""}],""encrypted"":true},{""attributeName"":""motherGivenName"",""source"":[{""attribute"":""motherGivenName""}],""encrypted"":true},{""attributeName"":""motherOtherNames"",""source"":[{""attribute"":""motherOtherNames""}],""encrypted"":true},{""attributeName"":""motherPreviousName"",""source"":[{""attribute"":""motherPreviousName""}],""encrypted"":true},{""attributeName"":""motherMaidenName"",""source"":[{""attribute"":""motherMaidenName""}],""encrypted"":true},{""attributeName"":""motherNIN"",""source"":[{""attribute"":""motherNIN""}],""encrypted"":true},{""attributeName"":""motherIDDocumentNo"",""source"":[{""attribute"":""motherIDDocumentNo""}],""encrypted"":true},{""attributeName"":""motherCitizenshipType"",""source"":[{""attribute"":""motherCitizenshipType""}],""encrypted"":true},{""attributeName"":""motherCitizenCertificateNumber"",""source"":[{""attribute"":""motherCitizenCertificateNumber""}],""encrypted"":true},{""attributeName"":""motherIndigenousCommunityTribe"",""source"":[{""attribute"":""motherIndigenousCommunityTribe""}],""encrypted"":true},{""attributeName"":""motherIndigenousCommunityClan"",""source"":[{""attribute"":""motherIndigenousCommunityClan""}],""encrypted"":true},{""attributeName"":""motherOccupation"",""source"":[{""attribute"":""motherOccupation""}],""encrypted"":true},{""attributeName"":""motherForeignResidenceCountry"",""source"":[{""attribute"":""motherForeignResidenceCountry""}],""encrypted"":true},{""attributeName"":""motherForeignResidenceAddress"",""source"":[{""attribute"":""motherForeignResidenceAddress""}],""encrypted"":true},{""attributeName"":""motherPostalAddress"",""source"":[{""attribute"":""motherPostalAddress""}],""encrypted"":true},{""attributeName"":""motResCountryUGA"",""source"":[{""attribute"":""motResCountryUGA""}],""encrypted"":true},{""attributeName"":""motherPlaceOfResidenceDistrict"",""source"":[{""attribute"":""motherPlaceOfResidenceDistrict""}],""encrypted"":true},{""attributeName"":""motherPlaceOfResidenceCounty"",""source"":[{""attribute"":""motherPlaceOfResidenceCounty""}],""encrypted"":true},{""attributeName"":""motherPlaceOfResidenceSubCounty"",""source"":[{""attribute"":""motherPlaceOfResidenceSubCounty""}],""encrypted"":true},{""attributeName"":""motherPlaceOfResidenceParish"",""source"":[{""attribute"":""motherPlaceOfResidenceParish""}],""encrypted"":true},{""attributeName"":""motherPlaceOfResidenceVillage"",""source"":[{""attribute"":""motherPlaceOfResidenceVillage""}],""encrypted"":true},{""attributeName"":""motherPlaceOfResidenceStreet"",""source"":[{""attribute"":""motherPlaceOfResidenceStreet""}],""encrypted"":true},{""attributeName"":""motherPlaceOfResidenceHouseNo"",""source"":[{""attribute"":""motherPlaceOfResidenceHouseNo""}],""encrypted"":true},{""attributeName"":""motherForeignOriginCountry"",""source"":[{""attribute"":""motherForeignOriginCountry""}],""encrypted"":true},{""attributeName"":""motherForeignOriginAddress"",""source"":[{""attribute"":""motherForeignOriginAddress""}],""encrypted"":true},{""attributeName"":""motOriCountryUGA"",""source"":[{""attribute"":""motOriCountryUGA""}],""encrypted"":true},{""attributeName"":""motherPlaceOfOriginDistrict"",""source"":[{""attribute"":""motherPlaceOfOriginDistrict""}],""encrypted"":true},{""attributeName"":""motherPlaceOfOriginCounty"",""source"":[{""attribute"":""motherPlaceOfOriginCounty""}],""encrypted"":true},{""attributeName"":""motherPlaceOfOriginSubCounty"",""source"":[{""attribute"":""motherPlaceOfOriginSubCounty""}],""encrypted"":true},{""attributeName"":""motherPlaceOfOriginParish"",""source"":[{""attribute"":""motherPlaceOfOriginParish""}],""encrypted"":true},{""attributeName"":""motherPlaceOfOriginVillage"",""source"":[{""attribute"":""motherPlaceOfOriginVillage""}],""encrypted"":true},{""attributeName"":""guardianRelationToApplicant"",""source"":[{""attribute"":""guardianRelationToApplicant""}],""encrypted"":true},{""attributeName"":""guardianSurname"",""source"":[{""attribute"":""guardianSurname""}],""encrypted"":true},{""attributeName"":""guardianGivenName"",""source"":[{""attribute"":""guardianGivenName""}],""encrypted"":true},{""attributeName"":""guardianOtherNames"",""source"":[{""attribute"":""guardianOtherNames""}],""encrypted"":true},{""attributeName"":""guardianOccupation"",""source"":[{""attribute"":""guardianOccupation""}],""encrypted"":true},{""attributeName"":""guardianNIN_AIN"",""source"":[{""attribute"":""guardianNIN_AIN""}],""encrypted"":true},{""attributeName"":""guardianIDDocumentnumber"",""source"":[{""attribute"":""guardianIDDocumentnumber""}],""encrypted"":true},{""attributeName"":""guardianPassportNumber"",""source"":[{""attribute"":""guardianPassportNumber""}],""encrypted"":true},{""attributeName"":""guardianTribe"",""source"":[{""attribute"":""guardianTribe""}],""encrypted"":true},{""attributeName"":""guardianClan"",""source"":[{""attribute"":""guardianClan""}],""encrypted"":true},{""attributeName"":""guardianCitizenshipType"",""source"":[{""attribute"":""guardianCitizenshipType""}],""encrypted"":true},{""attributeName"":""guardianCitizenshipCertificateNumber"",""source"":[{""attribute"":""guardianCitizenshipCertificateNumber""}],""encrypted"":true},{""attributeName"":""guardianOtherNationality"",""source"":[{""attribute"":""guardianOtherNationality""}],""encrypted"":true},{""attributeName"":""guardianForeignOriginCountry"",""source"":[{""attribute"":""guardianForeignOriginCountry""}],""encrypted"":true},{""attributeName"":""guardianForeignOriginAddress"",""source"":[{""attribute"":""guardianForeignOriginAddress""}],""encrypted"":true},{""attributeName"":""guardiansCountry"",""source"":[{""attribute"":""guardiansCountry""}],""encrypted"":true},{""attributeName"":""guardianResidenceDistrict"",""source"":[{""attribute"":""guardianResidenceDistrict""}],""encrypted"":true},{""attributeName"":""guardianResidenceCounty"",""source"":[{""attribute"":""guardianResidenceCounty""}],""encrypted"":true},{""attributeName"":""guardianResidenceSubCounty"",""source"":[{""attribute"":""guardianResidenceSubCounty""}],""encrypted"":true},{""attributeName"":""guardianResidenceParish"",""source"":[{""attribute"":""guardianResidenceParish""}],""encrypted"":true},{""attributeName"":""guardianResidenceVillage"",""source"":[{""attribute"":""guardianResidenceVillage""}],""encrypted"":true},{""attributeName"":""guardianResidenceStreet"",""source"":[{""attribute"":""guardianResidenceStreet""}],""encrypted"":true},{""attributeName"":""declarant"",""source"":[{""attribute"":""declarant""}],""encrypted"":true},{""attributeName"":""declarantSurname"",""source"":[{""attribute"":""declarantSurname""}],""encrypted"":true},{""attributeName"":""declarantgivenName"",""source"":[{""attribute"":""declarantgivenName""}],""encrypted"":true},{""attributeName"":""declarantotherNames"",""source"":[{""attribute"":""declarantotherNames""}],""encrypted"":true},{""attributeName"":""declarantPreviousNames"",""source"":[{""attribute"":""declarantPreviousNames""}],""encrypted"":true},{""attributeName"":""declarantMaidenName"",""source"":[{""attribute"":""declarantMaidenName""}],""encrypted"":true},{""attributeName"":""declarantGender"",""source"":[{""attribute"":""declarantGender""}],""encrypted"":true},{""attributeName"":""declarantNationality"",""source"":[{""attribute"":""declarantNationality""}],""encrypted"":true},{""attributeName"":""declarantResidenceStatus"",""source"":[{""attribute"":""declarantResidenceStatus""}],""encrypted"":true},{""attributeName"":""introducerNIN"",""source"":[{""attribute"":""introducerNIN""}],""encrypted"":true},{""attributeName"":""relationToApplicant"",""source"":[{""attribute"":""relationToApplicant""}],""encrypted"":true},{""attributeName"":""PRN"",""source"":[{""attribute"":""PRN""}],""encrypted"":true},{""attributeName"":""childName"",""source"":[{""attribute"":""childName""}],""encrypted"":true},{""attributeName"":""childSex"",""source"":[{""attribute"":""childSex""}],""encrypted"":true},{""attributeName"":""childDateOfBirth"",""source"":[{""attribute"":""childDateOfBirth""}],""encrypted"":true},{""attributeName"":""childTwoName"",""source"":[{""attribute"":""childTwoName""}],""encrypted"":true},{""attributeName"":""childTwoSex"",""source"":[{""attribute"":""childTwoSex""}],""encrypted"":true},{""attributeName"":""childTwoDateOfBirth"",""source"":[{""attribute"":""childTwoDateOfBirth""}],""encrypted"":true},{""attributeName"":""childThreeName"",""source"":[{""attribute"":""childThreeName""}],""encrypted"":true},{""attributeName"":""childThreeSex"",""source"":[{""attribute"":""childThreeSex""}],""encrypted"":true},{""attributeName"":""childThreeDateOfBirth"",""source"":[{""attribute"":""childThreeDateOfBirth""}],""encrypted"":true},{""attributeName"":""childFourName"",""source"":[{""attribute"":""childFourName""}],""encrypted"":true},{""attributeName"":""childFourSex"",""source"":[{""attribute"":""childFourSex""}],""encrypted"":true},{""attributeName"":""childFourDateOfBirth"",""source"":[{""attribute"":""childFourDateOfBirth""}],""encrypted"":true},{""attributeName"":""childFiveName"",""source"":[{""attribute"":""childFiveName""}],""encrypted"":true},{""attributeName"":""childFiveSex"",""source"":[{""attribute"":""childFiveSex""}],""encrypted"":true},{""attributeName"":""childFiveDateOfBirth"",""source"":[{""attribute"":""childFiveDateOfBirth""}],""encrypted"":true},{""attributeName"":""otherReligion"",""source"":[{""attribute"":""otherReligion""}],""encrypted"":true},{""attributeName"":""otherProfession"",""source"":[{""attribute"":""otherProfession""}],""encrypted"":true},{""attributeName"":""otherHighestLevelOfEducation"",""source"":[{""attribute"":""otherHighestLevelOfEducation""}],""encrypted"":true},{""attributeName"":""otherOccupation"",""source"":[{""attribute"":""otherOccupation""}],""encrypted"":true},{""attributeName"":""otherDisability"",""source"":[{""attribute"":""otherDisability""}],""encrypted"":true},{""attributeName"":""applicantPlaceOfBirthHealthFacility"",""source"":[{""attribute"":""applicantPlaceOfBirthHealthFacility""}],""encrypted"":true},{""attributeName"":""otherDeclarantRelationship"",""source"":[{""attribute"":""otherDeclarantRelationship""}],""encrypted"":true},{""attributeName"":""childSurname"",""source"":[{""attribute"":""childSurname""}],""encrypted"":true},{""attributeName"":""childTwoSurname"",""source"":[{""attribute"":""childTwoSurname""}],""encrypted"":true},{""attributeName"":""childThreeSurname"",""source"":[{""attribute"":""childThreeSurname""}],""encrypted"":true},{""attributeName"":""childFourSurname"",""source"":[{""attribute"":""childFourSurname""}],""encrypted"":true},{""attributeName"":""childFiveSurname"",""source"":[{""attribute"":""childFiveSurname""}],""encrypted"":true},{""attributeName"":""childSixSurname"",""source"":[{""attribute"":""childSixSurname""}],""encrypted"":true},{""attributeName"":""childGivenName"",""source"":[{""attribute"":""childGivenName""}],""encrypted"":true},{""attributeName"":""childTwoGivenName"",""source"":[{""attribute"":""childTwoGivenName""}],""encrypted"":true},{""attributeName"":""childThreeGivenName"",""source"":[{""attribute"":""childThreeGivenName""}],""encrypted"":true},{""attributeName"":""childFourGivenName"",""source"":[{""attribute"":""childFourGivenName""}],""encrypted"":true},{""attributeName"":""childFiveGivenName"",""source"":[{""attribute"":""childFiveGivenName""}],""encrypted"":true},{""attributeName"":""childSixGivenName"",""source"":[{""attribute"":""childSixGivenName""}],""encrypted"":true},{""attributeName"":""childOtherName"",""source"":[{""attribute"":""childOtherName""}],""encrypted"":true},{""attributeName"":""childTwoOtherName"",""source"":[{""attribute"":""childTwoOtherName""}],""encrypted"":true},{""attributeName"":""childThreeOtherName"",""source"":[{""attribute"":""childThreeOtherName""}],""encrypted"":true},{""attributeName"":""childFourOtherName"",""source"":[{""attribute"":""childFourOtherName""}],""encrypted"":true},{""attributeName"":""childFiveOtherName"",""source"":[{""attribute"":""childFiveOtherName""}],""encrypted"":true},{""attributeName"":""childSixOtherName"",""source"":[{""attribute"":""childSixOtherName""}],""encrypted"":true},{""attributeName"":""childNIN"",""source"":[{""attribute"":""childNIN""}],""encrypted"":true},{""attributeName"":""childTwoNIN"",""source"":[{""attribute"":""childTwoNIN""}],""encrypted"":true},{""attributeName"":""childThreeNIN"",""source"":[{""attribute"":""childThreeNIN""}],""encrypted"":true},{""attributeName"":""childFourNIN"",""source"":[{""attribute"":""childFourNIN""}],""encrypted"":true},{""attributeName"":""childFiveNIN"",""source"":[{""attribute"":""childFiveNIN""}],""encrypted"":true},{""attributeName"":""childSixNIN"",""source"":[{""attribute"":""childSixNIN""}],""encrypted"":true},{""attributeName"":""childSixName"",""source"":[{""attribute"":""childSixName""}],""encrypted"":true},{""attributeName"":""childSixSex"",""source"":[{""attribute"":""childSixSex""}],""encrypted"":true},{""attributeName"":""childSixDateOfBirth"",""source"":[{""attribute"":""childSixDateOfBirth""}],""encrypted"":true},{""attributeName"":""addingName"",""source"":[{""attribute"":""addingName""}],""encrypted"":true},{""attributeName"":""removingName"",""source"":[{""attribute"":""removingName""}],""encrypted"":true},{""attributeName"":""changeOrderOfNames"",""source"":[{""attribute"":""changeOrderOfNames""}],""encrypted"":true},{""attributeName"":""completeChangeofName"",""source"":[{""attribute"":""completeChangeofName""}],""encrypted"":true},{""attributeName"":""changeOfDateOfBirth"",""source"":[{""attribute"":""changeOfDateOfBirth""}],""encrypted"":true},{""attributeName"":""changeInPlaceOfResidence"",""source"":[{""attribute"":""changeInPlaceOfResidence""}],""encrypted"":true},{""attributeName"":""changeInPlaceOfBirth"",""source"":[{""attribute"":""changeInPlaceOfBirth""}],""encrypted"":true},{""attributeName"":""changeInPlaceOfOrigin"",""source"":[{""attribute"":""changeInPlaceOfOrigin""}],""encrypted"":true},{""attributeName"":""changeInCitizenshipType"",""source"":[{""attribute"":""changeInCitizenshipType""}],""encrypted"":true},{""attributeName"":""addSpouse"",""source"":[{""attribute"":""addSpouse""}],""encrypted"":true},{""attributeName"":""removeSpouse"",""source"":[{""attribute"":""removeSpouse""}],""encrypted"":true},{""attributeName"":""changeDetailsOfFather"",""source"":[{""attribute"":""changeDetailsOfFather""}],""encrypted"":true},{""attributeName"":""changeDetailsOfMother"",""source"":[{""attribute"":""changeDetailsOfMother""}],""encrypted"":true},{""attributeName"":""correctionOfErrorRegardingNin"",""source"":[{""attribute"":""correctionOfErrorRegardingNin""}],""encrypted"":true},{""attributeName"":""enrollmentOfficerComment"",""source"":[{""attribute"":""enrollmentOfficerComment""}],""encrypted"":true},{""attributeName"":""proofOfAddress"",""source"":[{""attribute"":""proofOfAddress""}],""encrypted"":true},{""attributeName"":""proofOfIdentity"",""source"":[{""attribute"":""proofOfIdentity""}],""encrypted"":true},{""attributeName"":""proofOfRelationship"",""source"":[{""attribute"":""proofOfRelationship""}],""encrypted"":true},{""attributeName"":""proofOfBirth"",""source"":[{""attribute"":""proofOfBirth""}],""encrypted"":true},{""attributeName"":""proofOfAdoption"",""source"":[{""attribute"":""proofOfAdoption""}],""encrypted"":true},{""attributeName"":""proofOfCitizenship"",""source"":[{""attribute"":""proofOfCitizenship""}],""encrypted"":true},{""attributeName"":""proofOfException"",""source"":[{""attribute"":""proofOfException""}],""encrypted"":true},{""attributeName"":""proofOfOtherSupportingdocumentIssuedbyGovt"",""source"":[{""attribute"":""proofOfOtherSupportingdocumentIssuedbyGovt""}],""encrypted"":true},{""attributeName"":""proofOfOtherSupportingDocuments"",""source"":[{""attribute"":""proofOfOtherSupportingDocuments""}],""encrypted"":true},{""attributeName"":""proofOfLegalStatutoryDeclaration"",""source"":[{""attribute"":""proofOfLegalStatutoryDeclaration""}],""encrypted"":true},{""attributeName"":""proofOfPhysicalApplicationForm"",""source"":[{""attribute"":""proofOfPhysicalApplicationForm""}],""encrypted"":true},{""attributeName"":""proofOfAbandonment"",""source"":[{""attribute"":""proofOfAbandonment""}],""encrypted"":true},{""attributeName"":""proofOfModificationConsent"",""source"":[{""attribute"":""proofOfModificationConsent""}],""encrypted"":true},{""attributeName"":""applicantProofOfSignature"",""source"":[{""attribute"":""applicantProofOfSignature""}],""encrypted"":true},{""attributeName"":""signature"",""source"":[{""attribute"":""signature""}],""encrypted"":true},{""attributeName"":""introducerProofOfSignature"",""source"":[{""attribute"":""introducerProofOfSignature""}],""encrypted"":true},{""attributeName"":""proofOfRegistration"",""source"":[{""attribute"":""proofOfRegistration""}],""encrypted"":true}],""dataSharePolicies"":{""typeOfShare"":""Data Share"",""validForInMinutes"":""30"",""transactionsAllowed"":""100000"",""encryptionType"":""none"",""shareDomain"":""datashare.datashare"",""source"":""Packet Manager""}}",DataShare,1,https://schemas.mosip.io/v1/auth-policy,now(),4/28/2025 9:37,TRUE,admin,now(),admin,now()
